{"meta": {"format": 3, "version": "7.10.7", "timestamp": "2025-11-08T15:16:18.768346", "branch_coverage": false, "show_contexts": false}, "files": {"src/infrastructure/persistence/redis/cache_repository.py": {"executed_lines": [1, 8, 10, 11, 12, 15, 16, 18, 19, 28, 30, 31, 40, 42, 43, 52, 55, 56, 69, 76, 77, 78, 79, 81, 83, 84, 91, 93, 95, 96, 97, 98, 100, 109, 111, 123, 124, 126, 127, 129, 130, 132, 133, 135, 137, 139, 150, 151, 153, 154, 156, 157, 159, 160, 162, 174, 175, 177, 180, 181, 182, 184, 185, 187, 189, 201, 204, 207, 208, 209, 211, 223, 224, 226, 229, 230, 232, 233, 235, 236, 238, 240, 250, 253, 256, 257, 259, 262, 263, 264, 265, 267, 269, 271, 287, 290, 293, 294, 297, 298, 299, 301, 302, 304, 316, 319, 322, 323, 325, 338, 341, 344, 345, 346, 348, 362, 365, 368, 371, 372, 375, 376, 378, 380, 381, 383, 385, 399, 402, 405, 408, 409, 412, 415, 417, 418, 420, 422, 435, 437, 449, 452, 455, 456, 458, 459, 461], "summary": {"covered_lines": 144, "num_statements": 163, "percent_covered": 88.34355828220859, "percent_covered_display": "88", "missing_lines": 19, "excluded_lines": 0}, "missing_lines": [178, 202, 205, 227, 251, 254, 288, 291, 317, 320, 339, 342, 363, 366, 400, 403, 413, 450, 453], "excluded_lines": [], "functions": {"CacheInvalidationStrategy.pattern_for_agent": {"executed_lines": [28], "summary": {"covered_lines": 1, "num_statements": 1, "percent_covered": 100.0, "percent_covered_display": "100", "missing_lines": 0, "excluded_lines": 0}, "missing_lines": [], "excluded_lines": []}, "CacheInvalidationStrategy.pattern_for_policy": {"executed_lines": [40], "summary": {"covered_lines": 1, "num_statements": 1, "percent_covered": 100.0, "percent_covered_display": "100", "missing_lines": 0, "excluded_lines": 0}, "missing_lines": [], "excluded_lines": []}, "CacheInvalidationStrategy.pattern_for_prefix": {"executed_lines": [52], "summary": {"covered_lines": 1, "num_statements": 1, "percent_covered": 100.0, "percent_covered_display": "100", "missing_lines": 0, "excluded_lines": 0}, "missing_lines": [], "excluded_lines": []}, "CacheRepository.__init__": {"executed_lines": [76, 77, 78, 79], "summary": {"covered_lines": 4, "num_statements": 4, "percent_covered": 100.0, "percent_covered_display": "100", "missing_lines": 0, "excluded_lines": 0}, "missing_lines": [], "excluded_lines": []}, "CacheRepository.connect": {"executed_lines": [83, 84, 91], "summary": {"covered_lines": 3, "num_statements": 3, "percent_covered": 100.0, "percent_covered_display": "100", "missing_lines": 0, "excluded_lines": 0}, "missing_lines": [], "excluded_lines": []}, "CacheRepository.disconnect": {"executed_lines": [95, 96, 97, 98], "summary": {"covered_lines": 4, "num_statements": 4, "percent_covered": 100.0, "percent_covered_display": "100", "missing_lines": 0, "excluded_lines": 0}, "missing_lines": [], "excluded_lines": []}, "CacheRepository._make_key": {"executed_lines": [109], "summary": {"covered_lines": 1, "num_statements": 1, "percent_covered": 100.0, "percent_covered_display": "100", "missing_lines": 0, "excluded_lines": 0}, "missing_lines": [], "excluded_lines": []}, "CacheRepository.get": {"executed_lines": [123, 124, 126, 127, 129, 130, 132, 133, 135, 137], "summary": {"covered_lines": 10, "num_statements": 10, "percent_covered": 100.0, "percent_covered_display": "100", "missing_lines": 0, "excluded_lines": 0}, "missing_lines": [], "excluded_lines": []}, "CacheRepository.set": {"executed_lines": [150, 151, 153, 154, 156, 157, 159, 160], "summary": {"covered_lines": 8, "num_statements": 8, "percent_covered": 100.0, "percent_covered_display": "100", "missing_lines": 0, "excluded_lines": 0}, "missing_lines": [], "excluded_lines": []}, "CacheRepository.delete": {"executed_lines": [174, 175, 177, 180, 181, 182, 184, 185, 187], "summary": {"covered_lines": 9, "num_statements": 10, "percent_covered": 90.0, "percent_covered_display": "90", "missing_lines": 1, "excluded_lines": 0}, "missing_lines": [178], "excluded_lines": []}, "CacheRepository.exists": {"executed_lines": [201, 204, 207, 208, 209], "summary": {"covered_lines": 5, "num_statements": 7, "percent_covered": 71.42857142857143, "percent_covered_display": "71", "missing_lines": 2, "excluded_lines": 0}, "missing_lines": [202, 205], "excluded_lines": []}, "CacheRepository.get_many": {"executed_lines": [223, 224, 226, 229, 230, 232, 233, 235, 236, 238], "summary": {"covered_lines": 10, "num_statements": 11, "percent_covered": 90.9090909090909, "percent_covered_display": "91", "missing_lines": 1, "excluded_lines": 0}, "missing_lines": [227], "excluded_lines": []}, "CacheRepository.set_many": {"executed_lines": [250, 253, 256, 257, 259, 262, 263, 264, 265, 267, 269], "summary": {"covered_lines": 11, "num_statements": 13, "percent_covered": 84.61538461538461, "percent_covered_display": "85", "missing_lines": 2, "excluded_lines": 0}, "missing_lines": [251, 254], "excluded_lines": []}, "CacheRepository.delete_pattern": {"executed_lines": [287, 290, 293, 294, 297, 298, 299, 301, 302], "summary": {"covered_lines": 9, "num_statements": 11, "percent_covered": 81.81818181818181, "percent_covered_display": "82", "missing_lines": 2, "excluded_lines": 0}, "missing_lines": [288, 291], "excluded_lines": []}, "CacheRepository.get_ttl": {"executed_lines": [316, 319, 322, 323], "summary": {"covered_lines": 4, "num_statements": 6, "percent_covered": 66.66666666666667, "percent_covered_display": "67", "missing_lines": 2, "excluded_lines": 0}, "missing_lines": [317, 320], "excluded_lines": []}, "CacheRepository.expire": {"executed_lines": [338, 341, 344, 345, 346], "summary": {"covered_lines": 5, "num_statements": 7, "percent_covered": 71.42857142857143, "percent_covered_display": "71", "missing_lines": 2, "excluded_lines": 0}, "missing_lines": [339, 342], "excluded_lines": []}, "CacheRepository.increment": {"executed_lines": [362, 365, 368, 371, 372, 375, 376, 378, 380, 381, 383], "summary": {"covered_lines": 11, "num_statements": 13, "percent_covered": 84.61538461538461, "percent_covered_display": "85", "missing_lines": 2, "excluded_lines": 0}, "missing_lines": [363, 366], "excluded_lines": []}, "CacheRepository.decrement": {"executed_lines": [399, 402, 405, 408, 409, 412, 415, 417, 418, 420], "summary": {"covered_lines": 10, "num_statements": 13, "percent_covered": 76.92307692307692, "percent_covered_display": "77", "missing_lines": 3, "excluded_lines": 0}, "missing_lines": [400, 403, 413], "excluded_lines": []}, "CacheRepository.clear_all": {"executed_lines": [435], "summary": {"covered_lines": 1, "num_statements": 1, "percent_covered": 100.0, "percent_covered_display": "100", "missing_lines": 0, "excluded_lines": 0}, "missing_lines": [], "excluded_lines": []}, "CacheRepository.get_keys_count": {"executed_lines": [449, 452, 455, 456, 458, 459, 461], "summary": {"covered_lines": 7, "num_statements": 9, "percent_covered": 77.77777777777777, "percent_covered_display": "78", "missing_lines": 2, "excluded_lines": 0}, "missing_lines": [450, 453], "excluded_lines": []}, "": {"executed_lines": [1, 8, 10, 11, 12, 15, 16, 18, 19, 30, 31, 42, 43, 55, 56, 69, 81, 93, 100, 111, 139, 162, 189, 211, 240, 271, 304, 325, 348, 385, 422, 437], "summary": {"covered_lines": 29, "num_statements": 29, "percent_covered": 100.0, "percent_covered_display": "100", "missing_lines": 0, "excluded_lines": 0}, "missing_lines": [], "excluded_lines": []}}, "classes": {"CacheInvalidationStrategy": {"executed_lines": [28, 40, 52], "summary": {"covered_lines": 3, "num_statements": 3, "percent_covered": 100.0, "percent_covered_display": "100", "missing_lines": 0, "excluded_lines": 0}, "missing_lines": [], "excluded_lines": []},